Keyword,Category,Occurrence,Comment,Where
TESCO,Groceries,24,,
SAINSBURY,Groceries,24,,
ASDA,Groceries,12,,
LIDL,Groceries,12,,
ALDI,Groceries,12,,
WAITROSE,Groceries,12,,
M&S FOOD,Groceries,12,,
TESCO EXTRA,Groceries,12,,
TESCO EXPRESS,Groceries,12,,
SAINSBURYS LOCAL,Groceries,1,,
DELIVEROO,Eating Out,12,,
UBER EATS,Eating Out,12,,
MCDONALDS,Eating Out,8,,
KFC,Eating Out,6,,
GREGGS,Eating Out,8,,
PRET A MANGER,Eating Out,6,,
PRET,Eating Out,0,,
STARBUCKS,Eating Out,12,,
COSTA COFFEE,Eating Out,12,,
COSTA,Eating Out,0,,
NANDOS,Eating Out,7,,
FIVE GUYS,Eating Out,4,,
WAGAMAMA,Eating Out,5,,
PIZZA HUT,Eating Out,3,,
PIZZA EXPRESS,Eating Out,2,,
TFL,Transport,72,,
UBER TRIP,Transport,12,,
UBER,Transport,0,Also matches UBER EATS,
TRAINLINE,Transport,1,,
PURE GYM,Bills/Subscriptions,12,,
GYM,Bills/Subscriptions,0,,
NETFLIX,Bills/Subscriptions,12,,
SPOTIFY,Bills/Subscriptions,12,,
THREE MOBILE,Bills/Subscriptions,12,,
THREE,Bills/Subscriptions,0,,
SALARY,Income,12,,
SALARY PAYMENT,Income,12,,
PAYMENT,Income,0,,
AMAZON,Shopping,8,,
AMAZON UK,Shopping,8,,
ZARA,Shopping,2,,
H&M,Shopping,1,,
PRIMARK,Shopping,1,,
SPORTS DIRECT,Shopping,1,,
JOHN LEWIS,Shopping,1,,
FLOWERS,Shopping,1,,
BOOTS,Health,5,,
BOOTS PHARMACY,Health,5,,
PHARMACY,Health,0,,
SUPERDRUG,Personal Care,4,,
LANDLORD,Housing,12,,
RENT,Housing,0,,
RENT PAYMENT,Housing,0,,
VUE CINEMA,Entertainment,1,,
VUE,Entertainment,0,,
ODEON,Entertainment,2,,
ODEON CINEMA,Entertainment,2,,
CINEMA,Entertainment,1,,
BANK TRANSFER,Transfers,2,Money movement between accounts,
TRANSFER TO SAVINGS,Transfers,2,,
RESTAURANT,Eating Out,2,,
SUMMER SALE,Shopping,1,,
CHRISTMAS,Shopping,1,,
BLACK FRIDAY,Shopping,1,,
NEW YEARS EVE,Eating Out,1,,
CHRISTMAS DINNER,Groceries,1,,
NAMESILO,Tech/Services,0,,
GOOGLE,Tech/Services,0,,
APPLE,Tech/Services,0,,
MICROSOFT,Tech/Services,0,,
ADOBE,Tech/Services,0,,
GITHUB,Tech/Services,0,,
DROPBOX,Tech/Services,0,,
NOTION,Tech/Services,0,,
HEROKU,Tech/Services,0,,
AWS,Tech/Services,0,,
DIGITALOCEAN,Tech/Services,0,,
DOMAIN,Tech/Services,0,,
HOSTING,Tech/Services,0,,
MORRISONS,Groceries,0,,
COOP,Groceries,0,,
CO-OP,Groceries,0,,
ICELAND,Groceries,0,,
OCADO,Groceries,0,,
MARKS SPENCER,Groceries,0,,
SUBWAY,Eating Out,0,,
BURGER KING,Eating Out,0,,
CAFE NERO,Eating Out,0,,
NEROS,Eating Out,0,,
LEON,Eating Out,0,,
ITSU,Eating Out,0,,
YO SUSHI,Eating Out,0,,
DISHOOM,Eating Out,0,,
PIZZA,Eating Out,0,,
CHIPOTLE,Eating Out,0,,
NOODLE,Eating Out,0,,
WASABI,Eating Out,0,,
EAT,Eating Out,0,,
JUST EAT,Eating Out,0,,
NATIONAL RAIL,Transport,0,,
RAIL,Transport,0,,
OYSTER,Transport,0,,
CITYMAPPER,Transport,0,,
TAXI,Transport,0,,
CAB,Transport,0,,
ZEN AUTO,Transport,0,,
PETROL,Transport,0,,
SHELL,Transport,0,,
BP,Transport,0,,
ESSO,Transport,0,,
TESCO PETROL,Transport,0,,
PARKING,Transport,0,,
PARKOPEDIA,Transport,0,,
NHS,Health,0,,
HOSPITAL,Health,0,,
DENTIST,Health,0,,
DOCTOR,Health,0,,
PRESCRIPTION,Health,0,,
CHEMIST,Health,0,,
LLOYDS PHARMACY,Health,0,,
WELLBEING,Health,0,,
THERAPY,Health,0,,
PHYSIO,Health,0,,
BARBER,Personal Care,0,,
HAIRCUT,Personal Care,0,,
SALON,Personal Care,0,,
SPA,Personal Care,0,,
MASSAGE,Personal Care,0,,
BEAUTY,Personal Care,0,,
GROOMING,Personal Care,0,,
COUNCIL TAX,Bills/Subscriptions,0,,
COUNCIL,Bills/Subscriptions,0,,
WATER,Bills/Subscriptions,0,,
THAMES WATER,Bills/Subscriptions,0,,
ELECTRIC,Bills/Subscriptions,0,,
ELECTRICITY,Bills/Subscriptions,0,,
GAS,Bills/Subscriptions,0,,
ENERGY,Bills/Subscriptions,0,,
BRITISH GAS,Bills/Subscriptions,0,,
EDF,Bills/Subscriptions,0,,
OCTOPUS ENERGY,Bills/Subscriptions,0,,
BROADBAND,Bills/Subscriptions,0,,
INTERNET,Bills/Subscriptions,0,,
VIRGIN MEDIA,Bills/Subscriptions,0,,
SKY,Bills/Subscriptions,0,,
BT,Bills/Subscriptions,0,,
EE,Bills/Subscriptions,0,,
O2,Bills/Subscriptions,0,,
VODAFONE,Bills/Subscriptions,0,,
PHONE,Bills/Subscriptions,0,,
MOBILE,Bills/Subscriptions,0,,
TV LICENCE,Bills/Subscriptions,0,,
INSURANCE,Bills/Subscriptions,0,,
LIFE INSURANCE,Bills/Subscriptions,0,,
HEALTH INSURANCE,Bills/Subscriptions,0,,
HOME INSURANCE,Bills/Subscriptions,0,,
CONTENTS INSURANCE,Bills/Subscriptions,0,,
PRIME VIDEO,Bills/Subscriptions,0,,
DISNEY,Bills/Subscriptions,0,,
APPLE TV,Bills/Subscriptions,0,,
HBO,Bills/Subscriptions,0,,
YOUTUBE PREMIUM,Bills/Subscriptions,0,,
AUDIBLE,Bills/Subscriptions,0,,
KINDLE,Bills/Subscriptions,0,,
FITNESS FIRST,Bills/Subscriptions,0,,
DAVID LLOYD,Bills/Subscriptions,0,,
NUFFIELD,Bills/Subscriptions,0,,
CINEWORLD,Entertainment,0,,
Tess,Conference,0,,
EVERYMAN,Entertainment,0,,
THEATRE,Entertainment,0,,
CONCERT,Entertainment,0,,
GIG,Entertainment,0,,
TICKETMASTER,Entertainment,0,,
EVENTBRITE,Entertainment,0,,
SEE TICKETS,Entertainment,0,,
BOOKING.COM,Entertainment,0,,
AIRBNB,Entertainment,0,,
HOTEL,Entertainment,0,,
TRAVEL,Entertainment,0,,
EASYJET,Entertainment,0,,
RYANAIR,Entertainment,0,,
BRITISH AIRWAYS,Entertainment,0,,
TRAINLINE,Entertainment,0,,
EUROSTAR,Entertainment,0,,
NATIONAL EXPRESS,Entertainment,0,,
MEGABUS,Entertainment,0,,
NEXT,Shopping,0,,
TOPSHOP,Shopping,0,,
UNIQLO,Shopping,0,,
GAP,Shopping,0,,
URBAN OUTFITTERS,Shopping,0,,
ASOS,Shopping,0,,
BOOHOO,Shopping,0,,
ARGOS,Shopping,0,,
CURRYS,Shopping,0,,
IKEA,Shopping,0,,
DUNELM,Shopping,0,,
HOMEBASE,Shopping,0,,
B&Q,Shopping,0,,
SCREWFIX,Shopping,0,,
WILKO,Shopping,0,,
POUNDLAND,Shopping,0,,
POUND SHOP,Shopping,0,,
CARD FACTORY,Shopping,0,,
WATERSTONES,Shopping,0,,
WHSmith,Shopping,0,,
STATIONARY,Shopping,0,,
OFFICE,Shopping,0,,
RYMAN,Shopping,0,,
EBAY,Shopping,0,,
ETSY,Shopping,0,,
PAYPAL,Shopping,0,,
STORAGE,Moving/Storage,0,,
MOVING,Moving/Storage,0,,
REMOVAL,Moving/Storage,0,,
VAN HIRE,Moving/Storage,0,,
ATM,Admin/Fees,0,,
WITHDRAWAL,Admin/Fees,0,,
CASH,Admin/Fees,0,,
BANK FEE,Admin/Fees,0,,
ADMIN FEE,Admin/Fees,0,,
CHARGE,Admin/Fees,0,,
OVERDRAFT,Admin/Fees,0,,
INTEREST,Admin/Fees,0,,
REFUND,Income,0,,
CASHBACK,Income,0,,
BONUS,Income,0,,
DIVIDEND,Income,0,,
REBATE,Income,0,,
